1,Kaleena,kingold0@cnn.com,2014-11-11,Ingold
2,Brose,bgehrts1@mayoclinic.com,2018-10-29,Gehrts
3,Farlay,fperschke2@icq.com,2019-01-31,Perschke
4,Guss,gmoniker3@uol.com.br,2016-02-01,Moniker
5,Kristoforo,kcastanyer4@sphinn.com,2011-04-02,Castanyer
6,Antonetta,agurling5@lulu.com,2013-12-22,Gurling
7,Wylma,wgrzegorzewski6@sina.com.cn,2013-04-23,Grzegorzewski
8,Hew,hrusling7@vinaora.com,2016-10-06,Rusling
9,Free,fjulyan8@multiply.com,2011-08-18,Julyan
10,Nomi,nburchard9@hibu.com,2015-04-26,Burchard
11,Catlaina,csorrilla@fc2.com,2011-01-22,Sorrill
12,Lizzy,lhandlinb@timesonline.co.uk,2010-12-28,Handlin
13,Charmane,cquartermainc@buzzfeed.com,2014-11-02,Quartermain
14,Rupert,rsyddond@behance.net,2017-07-10,Syddon
15,Ludvig,lpenhearowe@state.gov,2018-03-31,Penhearow
16,Mathe,moleksiakf@live.com,2017-07-13,Oleksiak
17,Calhoun,cmacleeseg@mtv.com,2017-04-10,MacLeese
18,Inglis,iburryh@narod.ru,2016-10-26,Burry
19,Virgie,vstidsoni@nhs.uk,2012-04-01,Stidson
20,Kalindi,kboamej@spotify.com,2016-04-25,Boame
21,Christiano,cguerrok@storify.com,2018-02-08,Guerro
22,Phyllida,pbeentjesl@histats.com,2017-10-06,Beentjes
23,Hamlen,hkembrym@tripod.com,2012-10-05,Kembry
24,Betty,bghelardonin@uiuc.edu,2016-08-24,Ghelardoni
25,Maryrose,mkyngdono@youtube.com,2018-11-10,Kyngdon
26,Georas,grabbetp@booking.com,2015-10-11,Rabbet
27,Chrystal,cmcginnyq@cargocollective.com,2017-01-09,McGinny
28,Ola,oocrevyr@livejournal.com,2019-07-04,O'Crevy
29,Kerstin,khowless@rambler.ru,2017-06-30,Howles
30,Corbie,csedgmant@walmart.com,2013-11-27,Sedgman
31,Norina,ntidmasu@photobucket.com,2017-06-14,Tidmas
32,Stace,sconnowv@mashable.com,2017-03-22,Connow
33,Hester,hlilleew@psu.edu,2012-10-03,Lillee
34,Evelyn,ecopestakex@smh.com.au,2013-05-27,Copestake
35,Dewitt,dferaghy@sun.com,2014-05-30,Feragh
36,Janey,jwagstaffz@moonfruit.com,2017-05-12,Wagstaff
37,Cleo,cgentsch10@dell.com,2012-07-21,Gentsch
38,Russ,rfaucherand11@china.com.cn,2019-03-08,Faucherand
39,Natty,naggio12@shinystat.com,2014-07-26,Aggio
40,Olivie,oingyon13@imageshack.us,2019-11-07,Ingyon
41,Vivi,vjopp14@indiegogo.com,2019-06-27,Jopp
42,Larisa,lheller15@pen.io,2014-01-18,Heller
43,Sid,syankin16@msu.edu,2017-08-25,Yankin
44,Tyne,tyakovlev17@dion.ne.jp,2013-01-24,Yakovlev
45,Ramon,rbarrass18@xinhuanet.com,2012-04-06,Barrass
46,Edsel,eiorillo19@ted.com,2014-02-13,Iorillo
47,Nadean,nsyson1a@psu.edu,2012-01-09,Syson
48,Tye,tlabdon1b@infoseek.co.jp,2013-04-22,Labdon
49,Olenka,ouphill1c@telegraph.co.uk,2015-09-30,Uphill
50,Wylie,wlukacs1d@java.com,2015-10-18,Lukacs
51,Gayle,gbrunt1e@omniture.com,2019-07-07,Brunt
52,Kristyn,kbradbeer1f@globo.com,2012-06-10,Bradbeer
53,Philipa,pvesco1g@arstechnica.com,2018-12-31,Vesco
54,Georgianne,gware1h@tripod.com,2014-12-09,Ware
55,Emmie,ebrandi1i@trellian.com,2015-03-04,Brandi
56,Mechelle,mblackler1j@bbb.org,2013-04-28,Blackler
57,Marijo,mblader1k@t-online.de,2018-12-28,Blader
58,Monah,mfernez1l@dedecms.com,2011-09-19,Fernez
59,Marin,mbarsham1m@zdnet.com,2013-05-03,Barsham
60,Flory,fthibodeaux1n@cmu.edu,2017-10-15,Thibodeaux
61,Grier,gdeeks1o@free.fr,2012-05-14,Deeks
62,Lura,lplan1p@dagondesign.com,2016-01-29,Plan
63,Annadiana,awagstaff1q@reverbnation.com,2019-04-23,Wagstaff
64,Wenda,wgrime1r@histats.com,2014-10-02,Grime
65,Zelig,ztattershall1s@163.com,2011-11-03,Tattershall
66,Darin,dpickover1t@newsvine.com,2019-09-24,Pickover
67,Sheff,sheningam1u@sakura.ne.jp,2019-03-02,Heningam
68,Tabbitha,tstaynes1v@engadget.com,2019-02-01,Staynes
69,Tani,tscraggs1w@blogs.com,2011-06-12,Scraggs
70,Gray,gdy1x@lulu.com,2015-05-01,Dy
71,Virgie,vcallis1y@springer.com,2012-04-17,Callis
72,Erhart,elinner1z@jigsy.com,2019-07-29,Linner
73,Ossie,okort20@cdc.gov,2015-12-07,Kort
74,Sheilah,sweavers21@macromedia.com,2018-08-16,Weavers
75,Nappie,ngley22@ft.com,2012-05-10,Gley
76,Beauregard,bfawlks23@yandex.ru,2016-03-09,Fawlks
77,Fowler,fserrier24@ezinearticles.com,2015-02-28,Serrier
78,Mitch,mgoldingay25@princeton.edu,2019-07-06,Goldingay
79,Ora,odenford26@odnoklassniki.ru,2012-04-20,Denford
80,Libbi,landell27@sbwire.com,2013-06-28,Andell
81,Burch,bmcsaul28@boston.com,2014-08-22,McSaul
82,Babette,bthorogood29@ezinearticles.com,2011-05-30,Thorogood
83,Carmella,crudinger2a@freewebs.com,2018-04-18,Rudinger
84,Mitchael,mknotte2b@usgs.gov,2013-01-31,Knotte
85,Shelby,sarnao2c@smugmug.com,2012-08-27,Arnao
86,Andie,adavinet2d@comsenz.com,2013-12-27,Davinet
87,Kiah,kklampk2e@behance.net,2016-02-20,Klampk
88,Kristi,kbonnefin2f@hhs.gov,2011-04-25,Bonnefin
89,Farand,fryhorovich2g@biblegateway.com,2016-01-12,Ryhorovich
90,Nedda,nhuikerby2h@icio.us,2014-02-05,Huikerby
91,Manya,meland2i@geocities.com,2016-02-20,Eland
92,Alard,azellick2j@yelp.com,2016-03-05,Zellick
93,Arabela,aeglese2k@altervista.org,2016-01-11,Eglese
94,Paten,poda2l@cnet.com,2011-02-01,Oda
95,Teirtza,tmatyatin2m@newsvine.com,2015-08-31,Matyatin
96,Tamiko,tbohden2n@constantcontact.com,2017-07-20,Bohden
97,Winston,wparncutt2o@1und1.de,2015-07-24,Parncutt
98,Nat,nrallings2p@nydailynews.com,2014-06-08,Rallings
99,Bobinette,bprivett2q@cornell.edu,2019-11-11,Privett
100,Jolynn,jbenwell2r@nature.com,2012-12-07,Benwell
101,Wallis,wlongland2s@aol.com,2016-04-12,Longland
102,Terence,tmcvey2t@shinystat.com,2012-03-26,McVey
103,Omero,osyres2u@bloglines.com,2011-03-25,Syres
104,Ophelie,ochampkins2v@youtu.be,2012-08-12,Champkins
105,Siusan,ssmaling2w@storify.com,2014-02-28,Smaling
106,Joe,jcawthorne2x@macromedia.com,2019-02-18,Cawthorne
107,Josefa,jaireton2y@wix.com,2019-10-05,Aireton
108,Ramon,rweal2z@baidu.com,2013-09-24,Weal
109,Alaric,aclamo30@tripod.com,2014-07-09,Clamo
110,Weston,wvarfolomeev31@xinhuanet.com,2013-11-17,Varfolomeev
111,Yorgo,yoehm32@nytimes.com,2014-12-29,Oehm
112,Emelia,eskalls33@salon.com,2012-03-24,Skalls
113,Edeline,edigger34@patch.com,2019-09-10,Digger
114,Alene,acroxall35@nytimes.com,2017-04-06,Croxall
115,Nevin,nfaires36@nytimes.com,2015-10-16,Faires
116,Winfield,walloway37@tumblr.com,2018-05-04,Alloway
117,Heida,hlebretondelavieuville38@wired.com,2014-11-21,Le Breton De La Vieuville
118,Tiena,tdrillot39@multiply.com,2014-04-25,Drillot
119,Wynnie,wjessopp3a@biglobe.ne.jp,2015-01-25,Jessopp
120,Nanny,njepp3b@g.co,2013-03-03,Jepp
121,Rafi,reskrigge3c@last.fm,2012-05-08,Eskrigge
122,Martie,mocuolahan3d@adobe.com,2018-05-26,O' Cuolahan
123,Son,sruggiero3e@hugedomains.com,2016-12-16,Ruggiero
124,Kirstyn,klydster3f@berkeley.edu,2016-02-07,Lydster
125,Danell,dbryns3g@pbs.org,2019-03-18,Bryns
126,Bruno,bgon3h@cisco.com,2014-05-24,Gon
127,Romola,rdeex3i@about.com,2012-07-27,Deex
128,Mohammed,mcotgrove3j@weibo.com,2017-01-31,Cotgrove
129,Freda,fpietruszka3k@cam.ac.uk,2018-07-29,Pietruszka
130,Roddy,rsellens3l@t.co,2011-02-14,Sellens
131,Tabina,tthirsk3m@dyndns.org,2013-05-06,Thirsk
132,Tiff,tarbuckle3n@cbslocal.com,2011-01-28,Arbuckle
133,Sargent,sgribben3o@addtoany.com,2011-05-11,Gribben
134,Ninetta,nwickey3p@mlb.com,2015-01-18,Wickey
135,Guinevere,ghaslocke3q@ihg.com,2014-12-15,Haslock(e)
136,Nevins,nbertin3r@google.com,2013-02-04,Bertin
137,Ricca,robeney3s@photobucket.com,2012-11-20,Obeney
138,Peter,pmatei3t@sfgate.com,2017-08-17,Matei
139,Gibbie,gbeiderbecke3u@google.cn,2012-04-21,Beiderbecke
140,Martita,mnutman3v@vistaprint.com,2011-07-11,Nutman
141,Franky,fjebb3w@infoseek.co.jp,2012-10-24,Jebb
142,Charlotte,cdartnall3x@smh.com.au,2011-05-18,Dartnall
143,Amandy,ajacobsz3y@live.com,2012-12-16,Jacobsz
144,Sisile,sclouter3z@whitehouse.gov,2013-12-05,Clouter
145,Megan,mhardwicke40@tinyurl.com,2015-05-07,Hardwicke
146,Edouard,egumley41@bbb.org,2011-09-04,Gumley
147,Hussein,hstainbridge42@rediff.com,2013-04-19,Stainbridge
148,Raphael,rgreenwood43@barnesandnoble.com,2017-09-12,Greenwood
149,Thurstan,tfeatherbie44@shinystat.com,2018-05-10,Featherbie
150,Venita,vcairns45@a8.net,2018-06-04,Cairns
151,Angeline,aradke46@uol.com.br,2019-01-23,Radke
152,Avigdor,aganiford47@exblog.jp,2016-03-22,Ganiford
153,Lilyan,lheck48@bing.com,2017-03-18,Heck
154,Michaeline,mcressey49@indiatimes.com,2014-03-28,Cressey
155,Lindsay,lseagrove4a@cpanel.net,2011-09-21,Seagrove
156,Flemming,fcellone4b@123-reg.co.uk,2012-09-27,Cellone
157,Alejoa,ahenze4c@msn.com,2014-05-16,Henze
158,Pearl,pocorrin4d@miitbeian.gov.cn,2014-01-02,O'Corrin
159,Tommy,tpancost4e@paypal.com,2018-04-15,Pancost
160,Darn,dcoffey4f@cyberchimps.com,2012-06-25,Coffey
161,Ly,lchasmer4g@behance.net,2012-02-25,Chasmer
162,Corbie,ckirk4h@rediff.com,2011-06-26,Kirk
163,Damian,dstopp4i@google.com,2011-07-31,Stopp
164,Napoleon,nphibb4j@marketwatch.com,2014-07-25,Phibb
165,Imogene,icorringham4k@histats.com,2014-06-24,Corringham
166,Audra,abeazer4l@skype.com,2018-06-29,Beazer
167,Tully,tpadginton4m@cocolog-nifty.com,2013-01-06,Padginton
168,Joete,jslide4n@europa.eu,2014-12-02,Slide
169,Lorain,lbraithwait4o@booking.com,2010-12-19,Braithwait
170,Ludovico,lknowller4p@xing.com,2016-03-27,Knowller
171,Dulcia,dpandey4q@shutterfly.com,2013-01-03,Pandey
172,Cordi,ckrysztofowicz4r@etsy.com,2016-01-29,Krysztofowicz
173,Ulises,uhadwen4s@techcrunch.com,2016-10-15,Hadwen
174,Dun,dmurtell4t@princeton.edu,2016-10-06,Murtell
175,Garrot,gohowbane4u@usda.gov,2017-06-25,O'Howbane
176,Rozina,rorgan4v@google.de,2019-07-06,Organ
177,Yolanda,yaguirrezabala4w@wisc.edu,2014-08-08,Aguirrezabala
178,Cece,cokill4x@discovery.com,2011-09-14,Okill
179,Pietrek,pbullingham4y@state.tx.us,2014-04-04,Bullingham
180,Breena,bgreenhow4z@alibaba.com,2019-04-15,Greenhow
181,Chelsy,coharney50@ovh.net,2013-09-17,O'Harney
182,Mari,mwimsett51@netlog.com,2019-08-22,Wimsett
183,Steffi,srenne52@illinois.edu,2014-06-09,Renne
184,Caro,cbaynes53@phpbb.com,2012-10-01,Baynes
185,Maynard,mtarren54@sciencedirect.com,2011-01-20,Tarren
186,Sigismund,sbringloe55@blinklist.com,2012-05-14,Bringloe
187,Gregoor,gioselevich56@ted.com,2019-06-18,Ioselevich
188,Caro,cyousef57@hubpages.com,2017-08-02,Yousef
189,Corissa,cround58@cpanel.net,2013-12-23,Round
190,Theodosia,tgonneau59@businessweek.com,2019-07-03,Gonneau
191,Jane,jgietz5a@ft.com,2016-04-30,Gietz
192,Kearney,kpeet5b@a8.net,2013-03-30,Peet
193,Shermie,swhatsize5c@cpanel.net,2018-03-24,Whatsize
194,Audrye,arisbrough5d@reverbnation.com,2015-05-11,Risbrough
195,Benjamen,bnecolds5e@yellowpages.com,2019-02-01,Necolds
196,Gweneth,gfley5f@furl.net,2014-10-22,Fley
197,Theodoric,tmarryatt5g@twitpic.com,2013-01-26,Marryatt
198,Melisa,mdelyth5h@163.com,2018-12-24,Delyth
199,Ray,rwoodman5i@nymag.com,2019-04-06,Woodman
200,Lorelle,lpapworth5j@techcrunch.com,2014-12-06,Papworth
201,Amitie,apartlett5k@slate.com,2014-12-24,Partlett
202,Kennan,kdoorbar5l@51.la,2015-10-11,Doorbar
203,Faustine,fswetland5m@gravatar.com,2016-05-16,Swetland
204,Gennifer,gajam5n@tumblr.com,2013-11-07,Ajam
205,Pammy,pdanielot5o@wikimedia.org,2011-12-25,Danielot
206,Derby,dgreenacre5p@prnewswire.com,2011-08-13,Greenacre
207,Lowrance,lriall5q@house.gov,2015-02-23,Riall
208,Kris,kandrelli5r@sciencedirect.com,2012-10-11,Andrelli
209,Everard,eison5s@hatena.ne.jp,2018-02-02,Ison
210,Sigismondo,smussett5t@sitemeter.com,2012-10-07,Mussett
211,Aurie,aodyvoy5u@desdev.cn,2013-05-23,O'Dyvoy
212,Dmitri,dtitterton5v@dyndns.org,2018-12-04,Titterton
213,Moira,mblacklawe5w@shinystat.com,2017-07-27,Blacklawe
214,Tani,tstirton5x@usnews.com,2017-06-12,Stirton
215,Harriot,hkneale5y@cargocollective.com,2014-03-27,Kneale
216,Malvina,mjoannidi5z@amazon.co.jp,2012-09-18,Joannidi
217,Meade,mgillmore60@people.com.cn,2014-06-23,Gillmore
218,Charlotte,cwohlers61@google.com,2011-02-05,Wohlers
219,Bee,bmariolle62@bizjournals.com,2014-04-01,Mariolle
220,Bari,bbauduin63@weather.com,2016-08-23,Bauduin
221,Barris,bpoint64@storify.com,2013-02-15,Point
222,Solomon,sends65@google.nl,2019-02-19,Ends
223,Cortney,cpriel66@pagesperso-orange.fr,2017-07-01,Priel
224,Henryetta,hrustich67@hostgator.com,2011-09-30,Rustich
225,Clio,cyellowlees68@alexa.com,2016-06-18,Yellowlees
226,Fitzgerald,fduerden69@mapquest.com,2012-11-16,Duerden
227,Siobhan,sgawn6a@timesonline.co.uk,2015-03-29,Gawn
228,Jackquelin,jivanin6b@va.gov,2016-11-25,Ivanin
229,Archibaldo,abradshaw6c@hubpages.com,2012-06-19,Bradshaw
230,Jennine,joverpool6d@eventbrite.com,2014-05-24,Overpool
231,Mose,mpoleykett6e@senate.gov,2015-08-30,Poleykett
232,Kerrill,kbrotherick6f@amazon.co.uk,2012-08-29,Brotherick
233,Cobby,canyon6g@issuu.com,2011-05-21,Anyon
234,Chastity,cgiacomini6h@wordpress.org,2018-12-18,Giacomini
235,Leonore,lplues6i@un.org,2016-08-29,Plues
236,Mahalia,mcaldera6j@usda.gov,2018-07-31,Caldera
237,Dorian,dtestin6k@cnn.com,2016-12-17,Testin
238,Noreen,nnetherclift6l@blogtalkradio.com,2017-09-12,Netherclift
239,Whitman,wnoad6m@phpbb.com,2015-05-26,Noad
240,Miriam,mdaveley6n@t-online.de,2014-04-08,Daveley
241,Beckie,bgoranov6o@godaddy.com,2013-03-18,Goranov
242,Helene,hrohan6p@state.gov,2015-11-20,Rohan
243,Poul,pcanto6q@photobucket.com,2014-01-24,Canto
244,Aida,ayes6r@wired.com,2018-03-19,Yes
245,Wilona,wyandle6s@oakley.com,2014-07-04,Yandle
246,Zachery,zserle6t@ucoz.com,2015-03-15,Serle
247,Kimmy,kdevuyst6u@epa.gov,2014-06-24,De Vuyst
248,Lonnie,ldaleman6v@behance.net,2016-02-04,Daleman
249,Sandye,sstockwell6w@naver.com,2017-12-22,Stockwell
250,Marten,mflaws6x@techcrunch.com,2014-04-20,Flaws
251,Marcelia,mderuggero6y@omniture.com,2016-06-04,De Ruggero
252,Drucy,dgurnee6z@networkadvertising.org,2014-01-15,Gurnee
253,Willard,wkilbey70@spiegel.de,2016-11-10,Kilbey
254,Lorette,lgroarty71@t.co,2019-07-29,Groarty
255,Corby,ccartwight72@mediafire.com,2011-01-01,Cartwight
256,Lonna,lbispo73@weibo.com,2013-11-11,Bispo
257,Nesta,nwallsam74@bing.com,2019-08-20,Wallsam
258,Nerta,nkliment75@ox.ac.uk,2012-07-26,Kliment
259,Lucilia,lhane76@howstuffworks.com,2015-05-14,Hane
260,Baxy,bmassard77@wired.com,2015-03-03,Massard
261,Nicolle,nstucksbury78@wikimedia.org,2013-03-24,Stucksbury
262,Erl,ejephson79@163.com,2017-10-16,Jephson
263,Sidonia,svonwelldun7a@ocn.ne.jp,2013-01-03,Von Welldun
264,Aurie,aropars7b@usa.gov,2018-02-03,Ropars
265,Simone,sbaudino7c@gmpg.org,2015-12-11,Baudino
266,Ricoriki,rdrain7d@ycombinator.com,2013-01-02,Drain
267,Tynan,tgherardelli7e@mediafire.com,2018-04-22,Gherardelli
268,Abagael,agullam7f@g.co,2018-11-05,Gullam
269,Terrye,tbinder7g@wikipedia.org,2016-02-29,Binder
270,Lucio,lmucci7h@ezinearticles.com,2017-06-16,Mucci
271,Valentine,vmissen7i@privacy.gov.au,2011-05-19,Missen
272,Rogerio,rtilly7j@typepad.com,2014-02-10,Tilly
273,Rodd,rclemmens7k@canalblog.com,2013-06-14,Clemmens
274,Lyell,lfratczak7l@moonfruit.com,2016-01-27,Fratczak
275,Sibbie,szwicker7m@shutterfly.com,2015-04-30,Zwicker
276,Halli,hwestcarr7n@abc.net.au,2011-09-16,Westcarr
277,Chrysler,cohengerty7o@bluehost.com,2013-03-24,O'Hengerty
278,Iormina,ishillum7p@army.mil,2015-10-29,Shillum
279,Lucine,lagglione7q@domainmarket.com,2017-06-28,Agglione
280,Bradford,bblezard7r@github.io,2012-08-16,Blezard
281,Casi,ctighe7s@deviantart.com,2017-05-09,Tighe
282,Lelah,lsimyson7t@zimbio.com,2011-09-20,Simyson
283,Claudine,cyirrell7u@a8.net,2014-01-27,Yirrell
284,Ailyn,ahulls7v@businessinsider.com,2017-10-21,Hulls
285,Sheppard,ssousa7w@dropbox.com,2012-11-25,Sousa
286,Flore,fsibbert7x@yandex.ru,2018-05-01,Sibbert
287,Berny,bgentner7y@nyu.edu,2016-11-13,Gentner
288,Vivianne,vaudsley7z@netvibes.com,2012-09-11,Audsley
289,Ilsa,ikennifick80@vkontakte.ru,2011-02-22,Kennifick
290,Viviana,vbarnwell81@tamu.edu,2016-07-30,Barnwell
291,Larina,lnice82@nsw.gov.au,2016-03-25,Nice
292,Vasilis,vcamacke83@lycos.com,2012-09-05,Camacke
293,Irina,idoel84@google.cn,2019-07-20,Doel
294,Greta,gplumptre85@arstechnica.com,2018-01-15,Plumptre
295,Goran,gboecke86@sun.com,2013-04-02,Boecke
296,Hastings,hmessent87@princeton.edu,2016-01-06,Messent
297,Beatriz,bipsley88@usnews.com,2011-08-18,Ipsley
298,Celine,cverni89@hibu.com,2016-04-27,Verni
299,Velma,vdoust8a@twitter.com,2012-11-04,Doust
300,Annadiana,akinglesyd8b@columbia.edu,2015-08-01,Kinglesyd
301,Pippa,pdoudney8c@microsoft.com,2015-09-18,Doudney
302,Mitchell,mhowells8d@economist.com,2017-01-03,Howells
303,Isacco,ibentke8e@tripod.com,2018-01-15,Bentke
304,Hagen,hhaylor8f@scientificamerican.com,2012-09-21,Haylor
305,Barnett,blingner8g@marketwatch.com,2019-04-23,Lingner
306,Bordie,bhasloch8h@yelp.com,2016-07-18,Hasloch
307,Florrie,feverill8i@creativecommons.org,2017-02-23,Everill
308,Reece,rliversley8j@typepad.com,2011-05-13,Liversley
309,Merill,mjerrolt8k@etsy.com,2014-04-23,Jerrolt
310,Hayes,hetienne8l@sina.com.cn,2014-03-09,Etienne
311,Benni,bdisbury8m@google.ru,2012-10-06,Disbury
312,Tamara,tferschke8n@hhs.gov,2016-02-18,Ferschke
313,Emili,ethibodeaux8o@infoseek.co.jp,2015-09-01,Thibodeaux
314,Joycelin,jionesco8p@e-recht24.de,2011-07-31,Ionesco
315,Jefferey,jdignon8q@comcast.net,2017-05-14,Dignon
316,Alistair,aladloe8r@discuz.net,2015-03-29,Ladloe
317,Rosemary,rungaretti8s@smh.com.au,2016-07-16,Ungaretti
318,Franny,fsizeland8t@infoseek.co.jp,2016-08-07,Sizeland
319,Teirtza,tgiovani8u@unc.edu,2015-06-22,Giovani
320,Ruy,rhearnshaw8v@tamu.edu,2015-01-25,Hearnshaw
321,Franzen,flegall8w@nbcnews.com,2015-03-05,Le Gall
322,Lenka,lwidmore8x@hud.gov,2012-02-04,Widmore
323,Sebastian,sogavin8y@java.com,2012-04-20,O'Gavin
324,Hubie,hdunphy8z@si.edu,2018-12-04,Dunphy
325,Giana,gaitcheson90@vkontakte.ru,2014-05-23,Aitcheson
326,Elsa,emaltster91@dedecms.com,2015-07-09,Maltster
327,Daveen,dtripon92@aol.com,2014-12-31,Tripon
328,Ferne,fcurthoys93@xinhuanet.com,2014-11-09,Curthoys
329,Hortensia,hprivett94@networkadvertising.org,2014-08-28,Privett
330,Winnie,wbearman95@miitbeian.gov.cn,2011-03-13,Bearman
331,Gus,gmccleverty96@umn.edu,2014-03-23,McCleverty
332,Elinor,etatlow97@gnu.org,2012-10-30,Tatlow
333,Sharon,sspatari98@bbc.co.uk,2014-06-21,Spatari
334,Kakalina,kmellody99@cnn.com,2016-07-14,Mellody
335,Gusty,giwanowski9a@i2i.jp,2011-09-20,Iwanowski
336,Gawen,grogers9b@indiatimes.com,2016-03-02,Rogers
337,Angela,aclampin9c@seesaa.net,2017-02-24,Clampin
338,Willi,wgarwell9d@yahoo.com,2013-08-30,Garwell
339,Aili,astronack9e@weibo.com,2013-03-10,Stronack
340,Hew,hhanscombe9f@sakura.ne.jp,2019-01-21,Hanscombe
341,Dayna,dmaultby9g@surveymonkey.com,2018-09-17,Maultby
342,Hasheem,hbethel9h@vk.com,2017-08-02,Bethel
343,Milka,mangear9i@newyorker.com,2018-01-26,Angear
344,Marti,mlayson9j@ed.gov,2017-05-07,Layson
345,Adrianne,agaffey9k@blogspot.com,2011-05-29,Gaffey
346,Lois,lsaing9l@qq.com,2012-09-12,Saing
347,Guglielmo,growlin9m@booking.com,2019-07-30,Rowlin
348,Davina,dcranke9n@omniture.com,2010-11-27,Cranke
349,Kayla,kflawn9o@wikipedia.org,2017-01-08,Flawn
350,Cassandry,cfishleigh9p@prlog.org,2018-10-03,Fishleigh
351,Herschel,hellacombe9q@shutterfly.com,2017-02-21,Ellacombe
352,Douglas,dtwitty9r@columbia.edu,2011-10-19,Twitty
353,Roberta,rattow9s@thetimes.co.uk,2012-04-18,Attow
354,Mort,mbleasdille9t@wsj.com,2015-09-23,Bleasdille
355,Garald,gheisman9u@smh.com.au,2016-06-02,Heisman
356,Dar,dmcnelis9v@unc.edu,2017-08-27,McNelis
357,Phillipp,pvardey9w@example.com,2017-05-01,Vardey
358,Jolee,jharrigan9x@seattletimes.com,2014-08-03,Harrigan
359,Amalie,amavin9y@dedecms.com,2018-11-22,Mavin
360,Jason,jginnety9z@icq.com,2016-09-16,Ginnety
361,Allys,alundbecka0@paypal.com,2015-03-14,Lundbeck
362,Gina,ggroartya1@dot.gov,2018-06-28,Groarty
363,Jeanette,jstrelitza2@amazon.co.jp,2014-03-28,Strelitz
364,Allyn,aepsleya3@cnet.com,2014-06-21,Epsley
365,Ashlee,abehneckea4@booking.com,2014-11-19,Behnecke
366,Crystie,csansomea5@yolasite.com,2010-12-10,Sansome
367,Fernande,fcrossfielda6@businessinsider.com,2011-11-18,Crossfield
368,Zena,zbradocka7@techcrunch.com,2015-05-25,Bradock
369,Claribel,clydalla8@microsoft.com,2014-08-01,Lydall
370,Ralina,rfukea9@photobucket.com,2017-06-13,Fuke
371,Nomi,naloigiaa@joomla.org,2018-04-23,Aloigi
372,Kathe,khadwenab@weebly.com,2017-02-18,Hadwen
373,Lib,lcrellimac@scribd.com,2017-08-19,Crellim
374,Del,dtreasuread@intel.com,2011-02-27,Treasure
375,Reuben,rmattioniae@acquirethisname.com,2015-02-06,Mattioni
376,Brook,bmeccoaf@nytimes.com,2012-10-29,Mecco
377,Milton,mbuttfieldag@webnode.com,2019-02-17,Buttfield
378,Glad,gcelloniah@mapy.cz,2014-12-18,Celloni
379,Elizabeth,emacneillai@google.it,2019-09-23,MacNeill
380,Gabrielle,gdockwraaj@toplist.cz,2019-08-04,Dockwra
381,Claiborne,cfardoeak@jigsy.com,2015-02-21,Fardoe
382,Hermione,hrowbottomal@tinypic.com,2015-08-09,Rowbottom
383,Reginald,rwishkaram@1und1.de,2017-03-07,Wishkar
384,Neilla,npapaminasan@house.gov,2013-03-13,Papaminas
385,Delia,dblakeneyao@google.it,2018-07-23,Blakeney
386,Dalston,dblaxelandap@hc360.com,2011-02-19,Blaxeland
387,Patricio,pperreeaq@cdc.gov,2011-10-01,Perree
388,Sanford,smannersar@dailymail.co.uk,2012-06-24,Manners
389,Ashien,afylanas@cnet.com,2018-05-25,Fylan
390,Godard,gdebellisat@businessweek.com,2019-11-12,De Bellis
391,Currey,chambidgeau@phoca.cz,2012-01-03,Hambidge
392,Nance,nmitchelyav@hexun.com,2014-07-31,Mitchely
393,Gaylord,goverstreetaw@quantcast.com,2013-01-21,Overstreet
394,Cathryn,cmilesapax@xrea.com,2012-01-25,Milesap
395,Oona,ogarbuttay@bing.com,2013-04-19,Garbutt
396,Rickard,ralcidoaz@live.com,2012-08-27,Alcido
397,Tobe,tragateb0@tripod.com,2012-04-27,Ragate
398,Kamillah,kwilsteadb1@samsung.com,2016-10-28,Wilstead
399,Hester,hbentzenb2@dmoz.org,2016-10-09,Bentzen
400,Dannie,dblaineyb3@scientificamerican.com,2016-10-23,Blainey
401,Virgie,vgoodallb4@woothemes.com,2015-02-22,Goodall
402,Eal,eallwrightb5@e-recht24.de,2011-01-29,Allwright
403,Joanie,jcheetamb6@jalbum.net,2013-09-03,Cheetam
404,Edwin,eorhtb7@w3.org,2013-11-04,Orht
405,Thorndike,tgoodbandb8@unc.edu,2019-08-23,Goodband
406,Mikel,mcrimb9@icq.com,2017-02-05,Crim
407,Tally,tinwoodba@php.net,2019-01-17,Inwood
408,Eziechiele,egrederbb@usgs.gov,2018-01-05,Greder
409,Lancelot,lgaufordbc@auda.org.au,2013-10-15,Gauford
410,Annemarie,aathertonbd@over-blog.com,2012-11-17,Atherton
411,Anestassia,apescudbe@skyrock.com,2015-11-01,Pescud
412,Lincoln,lrobeirobf@shop-pro.jp,2016-04-25,Robeiro
413,Teresa,tconyersbg@github.io,2014-05-20,Conyers
414,Rurik,rlumsdenbh@msn.com,2011-04-16,Lumsden
415,Giana,gmckewbi@blogspot.com,2018-03-16,McKew
416,Elroy,esiemonbj@tinypic.com,2013-06-15,Siemon
417,Ebenezer,ebiglybk@people.com.cn,2011-04-28,Bigly
418,Bond,bgrogonobl@mac.com,2017-11-26,Grogono
419,Axe,akirwinbm@hc360.com,2016-01-07,Kirwin
420,Daniel,dcallenbn@weebly.com,2014-12-05,Callen
421,Janice,jdeathbo@de.vu,2012-08-06,De Ath
422,Verne,vcogleybp@123-reg.co.uk,2019-07-12,Cogley
423,Sanders,sgammiebq@exblog.jp,2012-01-19,Gammie
424,Meagan,mswaytonbr@indiatimes.com,2012-01-23,Swayton
425,Michelina,mlemingbs@stanford.edu,2019-04-01,Leming
426,Winna,wjoveybt@symantec.com,2016-08-29,Jovey
427,Frederica,fseverwrightbu@shareasale.com,2019-03-07,Severwright
428,Westleigh,wjerokbv@blogtalkradio.com,2011-04-28,Jerok
429,Rodger,rlidgeybw@diigo.com,2017-10-06,Lidgey
430,Hali,hkissellbx@bravesites.com,2010-11-15,Kissell
431,Marten,mlomanseyby@taobao.com,2016-03-19,Lomansey
432,Dodie,djorgebz@sfgate.com,2011-12-24,Jorge
433,Gayleen,gravilusc0@wikia.com,2012-12-18,Ravilus
434,Berton,bipsleyc1@narod.ru,2015-12-18,Ipsley
435,Hector,hpigromec2@rakuten.co.jp,2012-01-21,Pigrome
436,Anneliese,ahavesidesc3@slate.com,2013-10-31,Havesides
437,Letti,lcasottic4@statcounter.com,2018-12-28,Casotti
438,Winn,wfiggenc5@twitter.com,2011-07-02,Figgen
439,Adel,acasacciac6@uol.com.br,2018-03-11,Casaccia
440,Jerrome,jfarquarc7@sun.com,2016-11-23,Farquar
441,Rhea,rshortcliffec8@opensource.org,2012-07-17,Shortcliffe
442,Binky,bkremerc9@google.cn,2015-06-04,Kremer
443,Roseline,revemyca@cam.ac.uk,2017-04-18,Evemy
444,Roddie,rveelcb@phoca.cz,2019-07-20,Veel
445,Joni,jwestmancc@wikimedia.org,2015-05-19,Westman
446,Glori,gcorradinicd@noaa.gov,2013-06-16,Corradini
447,Natalee,nantowskice@goo.gl,2016-01-16,Antowski
448,Bealle,bbruckercf@fda.gov,2014-07-20,Brucker
449,Ronalda,rcracknallcg@edublogs.org,2012-05-13,Cracknall
450,Ruben,rcurlisch@paginegialle.it,2016-07-08,Curlis
451,Victoria,vlordenci@google.com.hk,2016-09-07,Lorden
452,Amalee,aheighwaycj@hubpages.com,2012-03-12,Heighway
453,Amitie,ashorttck@github.io,2013-09-11,Shortt
454,Kip,khempelcl@privacy.gov.au,2017-03-07,Hempel
455,Riordan,rapplebycm@dion.ne.jp,2012-04-30,Appleby
456,Kerwinn,kroancn@hao123.com,2013-06-10,Roan
457,Bernadina,bsterkeco@nsw.gov.au,2012-01-13,Sterke
458,Daryl,daguttercp@bigcartel.com,2017-01-20,Agutter
459,Trescha,tbothwellcq@ca.gov,2012-09-04,Bothwell
460,Noemi,nfurphycr@dailymail.co.uk,2011-08-15,Furphy
461,Kathrine,kbaumlercs@wunderground.com,2014-12-31,Baumler
462,Arabella,abetoniact@spiegel.de,2015-07-25,Betonia
463,Jeremie,jlumsdallcu@aboutads.info,2018-02-13,Lumsdall
464,Nani,ngarviecv@ning.com,2010-12-03,Garvie
465,Franni,fdooleycw@webs.com,2017-05-01,Dooley
466,Dierdre,dstandencx@about.com,2015-09-04,Standen
467,Manfred,mhackwellcy@businessweek.com,2017-06-29,Hackwell
468,Concettina,cpinnigercz@opera.com,2016-02-23,Pinniger
469,Doe,deyerd0@go.com,2011-04-02,Eyer
470,Selestina,skymed1@icq.com,2015-01-22,Kyme
471,Reggie,rcarreld2@soup.io,2016-09-14,Carrel
472,Kahaleel,kloveld3@hexun.com,2012-10-01,Lovel
473,Sloane,staboureld4@businesswire.com,2015-04-26,Tabourel
474,Roch,rfieldhoused5@geocities.jp,2013-01-12,Fieldhouse
475,Lucy,lomoland6@yellowbook.com,2012-06-03,O' Molan
476,Chrissie,ccuttend7@cloudflare.com,2017-12-28,Cutten
477,Adrienne,aleeuwerinkd8@google.fr,2014-06-28,Leeuwerink
478,Kip,karchardd9@google.com.au,2014-10-29,Archard
479,Carlyn,cglenwrightda@jimdo.com,2019-09-20,Glenwright
480,Callie,carbuckeldb@cornell.edu,2013-02-11,Arbuckel
481,Min,mgaylarddc@phpbb.com,2018-08-31,Gaylard
482,Lane,lleavydd@issuu.com,2014-06-26,Leavy
483,Veronique,vbessede@cdc.gov,2017-10-05,Besse
484,Reena,rkenratdf@ezinearticles.com,2018-02-06,Kenrat
485,Cayla,cmcgawdg@shareasale.com,2012-02-01,McGaw
486,Abbie,acoadydh@sun.com,2017-12-06,Coady
487,Gigi,gblundelldi@oaic.gov.au,2019-08-04,Blundell
488,Modestia,miacomettiidj@newyorker.com,2015-02-16,Iacomettii
489,Baillie,bhaseleydk@xing.com,2015-02-22,Haseley
490,Auberon,ahoflerdl@irs.gov,2018-01-09,Hofler
491,Marcellus,mchantreedm@taobao.com,2014-12-25,Chantree
492,Eleanor,eaffleckdn@walmart.com,2011-02-13,Affleck
493,Tad,tthackerdo@wired.com,2017-06-11,Thacker
494,Virgil,vklementdp@com.com,2014-05-07,Klement
495,Aubert,aidwalevansdq@pcworld.com,2012-12-10,Idwal Evans
496,Avrit,abramdr@artisteer.com,2014-05-06,Bram
497,Jeffy,jmarqyesds@paypal.com,2011-11-25,Marqyes
498,Sandor,scuttelldt@usgs.gov,2011-11-15,Cuttell
499,Euell,ekensholedu@slideshare.net,2012-05-15,Kenshole
500,Reggi,rcansdaledv@irs.gov,2012-11-22,Cansdale
501,Sibylle,sbarksdw@surveymonkey.com,2016-05-30,Barks
502,Hazel,hgrishanovdx@artisteer.com,2017-07-21,Grishanov
503,Gilberte,gbroodesdy@amazon.com,2017-11-24,Broodes
504,Jannel,jbillyealddz@nbcnews.com,2018-02-09,Billyeald
505,Binni,bridere0@photobucket.com,2017-04-20,Rider
506,Judye,jcalendare1@mysql.com,2017-02-13,Calendar
507,Jethro,jgittoese2@live.com,2017-01-12,Gittoes
508,Jewelle,jmeelande3@csmonitor.com,2019-02-18,Meeland
509,Kevin,kvivashe4@jugem.jp,2018-07-05,Vivash
510,Morlee,mvasilchenkoe5@imgur.com,2019-05-05,Vasilchenko
511,Terry,tsimone6@blogtalkradio.com,2019-11-04,Simon
512,Lonni,lducastele7@telegraph.co.uk,2015-05-20,Ducastel
513,Edyth,egreenwoode8@harvard.edu,2017-12-04,Greenwood
514,Faulkner,folechnowicze9@cargocollective.com,2019-07-16,Olechnowicz
515,Deonne,dzuannea@nsw.gov.au,2018-01-20,Zuann
516,Hagen,hfelminghameb@indiegogo.com,2016-02-05,Felmingham
517,Jessamyn,jmakepeaceec@craigslist.org,2017-04-10,Makepeace
518,Annmaria,amerretted@quantcast.com,2017-05-22,Merrett
519,Franklyn,fbulcroftee@auda.org.au,2011-09-21,Bulcroft
520,Verine,vrathbourneef@dot.gov,2016-04-27,Rathbourne
521,Shina,strimmelleg@google.es,2017-10-14,Trimmell
522,Kori,kdirkineh@twitter.com,2013-05-27,Dirkin
523,Celine,cgreenhouseei@admin.ch,2019-10-08,Greenhouse
524,Charyl,cslidesej@homestead.com,2012-03-17,Slides
525,Trisha,taspinellek@irs.gov,2011-01-31,Aspinell
526,Sherm,sbyeel@huffingtonpost.com,2016-02-27,Bye
527,Opaline,obettamem@privacy.gov.au,2018-06-24,Bettam
528,Phillipp,prickarden@blogspot.com,2015-06-13,Rickard
529,Camel,cbythewayeo@parallels.com,2012-06-15,Bytheway
530,Renate,rfurmongerep@gizmodo.com,2018-08-25,Furmonger
531,Lindy,lfarreileq@pcworld.com,2012-05-15,Farreil
532,Adriane,askeatser@xrea.com,2014-10-19,Skeats
533,Myrtie,mcollares@rambler.ru,2015-11-25,Collar
534,Rodrigo,rrusket@prweb.com,2017-12-17,Rusk
535,Jeddy,jsnodingeu@constantcontact.com,2017-11-14,Snoding
536,Oona,oplenderleithev@arstechnica.com,2018-03-12,Plenderleith
537,Rogerio,rcratesew@bigcartel.com,2010-12-03,Crates
538,Celle,cmichieliex@360.cn,2016-01-25,Michieli
539,Florance,fbateripey@weibo.com,2017-01-09,Baterip
540,Marianna,myarntonez@oakley.com,2013-04-27,Yarnton
541,Lauree,lstorkesf0@cisco.com,2019-06-06,Storkes
542,Rodolph,rhanself1@indiatimes.com,2015-02-06,Hansel
543,Carce,comulderrigf2@sbwire.com,2016-10-31,O' Mulderrig
544,Sumner,srainbowf3@thetimes.co.uk,2014-03-04,Rainbow
545,Martin,mrayf4@barnesandnoble.com,2013-02-26,Ray
546,Bert,bmulroyf5@etsy.com,2017-02-22,Mulroy
547,Rickie,rbrindf6@netlog.com,2014-12-30,Brind
548,Dani,dhowgillf7@seesaa.net,2011-03-19,Howgill
549,Giacinta,gmilstedf8@people.com.cn,2012-12-23,Milsted
550,Juliana,jdysertf9@vinaora.com,2016-02-09,Dysert
551,Clim,csawfa@diigo.com,2018-11-18,Saw
552,Morten,mlibbiefb@yahoo.co.jp,2016-02-06,Libbie
553,Jessie,jgogayfc@ucsd.edu,2015-02-18,Gogay
554,Son,skloisnerfd@mysql.com,2017-06-03,Kloisner
555,Hernando,hhurdlefe@boston.com,2018-07-29,Hurdle
556,Todd,tdroganff@sourceforge.net,2013-12-09,Drogan
557,Nesta,nhorriganfg@cisco.com,2013-07-30,Horrigan
558,Frasco,fcraufurdfh@cmu.edu,2018-02-01,Craufurd
559,Aggie,apostlewhitefi@ibm.com,2012-12-17,Postlewhite
560,Gretta,gfengefj@live.com,2016-07-16,Fenge
561,Inessa,ioneilefk@e-recht24.de,2017-09-18,Oneile
562,Andras,acervantesfl@latimes.com,2017-07-14,Cervantes
563,Cathi,cturbanfm@cnbc.com,2016-08-30,Turban
564,Lib,leberstfn@is.gd,2015-05-04,Eberst
565,Emylee,ehallefo@prweb.com,2011-07-12,Halle
566,Hildegaard,habdeyfp@usatoday.com,2012-09-01,Abdey
567,Dewie,dgourlayfq@vistaprint.com,2017-02-21,Gourlay
568,Lacie,lottonfr@wikimedia.org,2011-02-21,Otton
569,Ardene,akalinowskyfs@ihg.com,2019-10-09,Kalinowsky
570,Alexa,acuckooft@cpanel.net,2015-09-06,Cuckoo
571,Blinny,bhustonfu@1688.com,2015-07-09,Huston
572,Britteny,bipplettfv@cnbc.com,2015-02-04,Ipplett
573,Lottie,lhastyfw@howstuffworks.com,2012-02-22,Hasty
574,Manny,mbemlottfx@de.vu,2013-03-13,Bemlott
575,Kinsley,kfountainfy@patch.com,2012-11-05,Fountain
576,Maisie,mleathartfz@vinaora.com,2016-04-20,Leathart
577,Dimitry,dbeldingg0@census.gov,2017-02-13,Belding
578,Timmy,tsideyg1@who.int,2019-05-03,Sidey
579,Adolphe,agarveyg2@cafepress.com,2012-01-10,Garvey
580,Farris,fgyrgorcewicxg3@cisco.com,2014-08-14,Gyrgorcewicx
581,Baryram,bgallemoreg4@house.gov,2013-06-14,Gallemore
582,August,amarkwickg5@youtu.be,2015-06-20,Markwick
583,Karlee,klateyg6@ocn.ne.jp,2016-04-19,Latey
584,Alina,abirtleyg7@unicef.org,2018-09-14,Birtley
585,Ibbie,ibarbieg8@jalbum.net,2018-01-08,Barbie
586,Wilhelm,wrogisterg9@gravatar.com,2014-03-31,Rogister
587,Sancho,sgarmansonga@columbia.edu,2012-02-27,Garmanson
588,Yasmeen,yvenartgb@irs.gov,2016-11-15,Venart
589,Jerrie,jpatridgegc@e-recht24.de,2015-08-17,Patridge
590,Sunny,smaingd@istockphoto.com,2013-01-24,Main
591,Walliw,wvaulkhardge@symantec.com,2015-12-28,Vaulkhard
592,Antons,abrenstongf@mtv.com,2017-11-30,Brenston
593,Brade,bzuppagg@dion.ne.jp,2019-02-20,Zuppa
594,Claybourne,cgorgergh@ustream.tv,2016-08-17,Gorger
595,Gabriellia,gbrigdalegi@51.la,2011-09-24,Brigdale
596,Pauli,pduffittgj@indiatimes.com,2019-10-24,Duffitt
597,Sukey,srydzynskigk@ameblo.jp,2012-07-01,Rydzynski
598,Hildegarde,hlipsongl@washington.edu,2019-04-11,Lipson
599,Sherline,scluergm@clickbank.net,2014-10-16,Cluer
600,Marlo,mcoggongn@fc2.com,2019-10-13,Coggon
601,Chico,clowesgo@cpanel.net,2015-10-19,Lowes
602,Uta,uzorzenonigp@prweb.com,2012-09-13,Zorzenoni
603,Phineas,pwreygq@cmu.edu,2016-05-10,Wrey
604,Danny,dsmedmoregr@arstechnica.com,2016-06-04,Smedmore
605,Francisco,fgrocottgs@ocn.ne.jp,2012-09-20,Grocott
606,Lexie,lpopeleygt@merriam-webster.com,2018-07-31,Popeley
607,Erena,econnerrygu@admin.ch,2013-08-12,Connerry
608,Debor,dimesengv@bbc.co.uk,2017-10-25,Imesen
609,Phillip,pchandlargw@nba.com,2014-03-08,Chandlar
610,Calhoun,cballintimegx@fc2.com,2017-03-13,Ballintime
611,Maxy,mprettjohngy@shareasale.com,2015-05-31,Prettjohn
612,Domini,dbesantiegz@1und1.de,2011-10-23,Besantie
613,Thorin,tcaudrelierh0@bluehost.com,2018-01-15,Caudrelier
614,Odella,ojouhningh1@de.vu,2015-11-09,Jouhning
615,Jaquenette,jgornerh2@quantcast.com,2013-08-22,Gorner
616,Hyacinthe,hmcmichellh3@usatoday.com,2019-04-02,McMichell
617,Marti,mtithecoteh4@godaddy.com,2012-03-04,Tithecote
618,Caresa,castonh5@posterous.com,2018-01-26,Aston
619,Lusa,lateridgeh6@icq.com,2016-10-01,Ateridge
620,Giffer,gvobesh7@posterous.com,2013-09-01,Vobes
621,Darius,dgarmenth8@hugedomains.com,2016-03-02,Garment
622,Heinrik,habbyssh9@last.fm,2019-02-09,Abbyss
623,Boy,bmathissenha@wikipedia.org,2015-05-02,Mathissen
624,Jasper,jhenrionothb@wikimedia.org,2017-12-02,Henrionot
625,Aline,acordingleyhc@oakley.com,2016-07-15,Cordingley
626,Kori,kemmshd@csmonitor.com,2012-05-17,Emms
627,Hendrik,hpinkertonhe@usatoday.com,2012-11-22,Pinkerton
628,Chance,cnernhf@gmpg.org,2016-06-15,Nern
629,Sibley,srosenthalhg@harvard.edu,2013-04-29,Rosenthal
630,Shep,swhiskinhh@stumbleupon.com,2019-04-07,Whiskin
631,Norry,nwheeldonhi@vimeo.com,2013-03-29,Wheeldon
632,Brendon,bmcbrydehj@unc.edu,2013-04-24,McBryde
633,Anatole,amithamhk@smh.com.au,2014-03-06,Mitham
634,Coralyn,cmatejichl@techcrunch.com,2015-03-14,Matejic
635,Waylen,wwinspurrhm@smh.com.au,2014-11-05,Winspurr
636,Fionna,fcrepinhn@about.me,2011-08-20,Crepin
637,Bran,bstallwoodho@purevolume.com,2016-06-03,Stallwood
638,Serge,stenderhp@ebay.com,2014-07-28,Tender
639,Cherri,cduggethq@indiegogo.com,2017-08-10,Dugget
640,Joli,jschwanthr@whitehouse.gov,2014-10-05,Schwant
641,Hallsy,hdownhs@samsung.com,2017-02-21,Down
642,Matilde,mconmanht@nyu.edu,2015-12-04,Conman
643,Sigismundo,swillavoyshu@sitemeter.com,2011-08-19,Willavoys
644,Christy,cjankohv@github.io,2019-05-29,Janko
645,Ina,iseahw@sciencedirect.com,2018-07-30,Sea
646,Raynard,rwoosterhx@pagesperso-orange.fr,2015-09-05,Wooster
647,Charlotta,cgemmillhy@walmart.com,2011-05-17,Gemmill
648,Falkner,fgagenhz@joomla.org,2018-09-07,Gagen
649,Dulcie,doventoni0@pinterest.com,2017-03-17,Oventon
650,Lilias,ldjorvici1@taobao.com,2011-05-24,Djorvic
651,Ermin,eporsoni2@freewebs.com,2016-07-04,Porson
652,Marla,mjarami3@tinyurl.com,2011-11-01,Jaram
653,Gaspard,gruddochi4@phpbb.com,2010-12-11,Ruddoch
654,Peadar,ptripeti5@ucoz.ru,2017-09-24,Tripet
655,Inessa,ishirlawi6@symantec.com,2013-08-27,Shirlaw
656,Tillie,ttoffalonii7@mysql.com,2018-08-01,Toffaloni
657,Kissie,kragbourni8@domainmarket.com,2015-06-01,Ragbourn
658,Miner,mfarrearsi9@tamu.edu,2013-11-11,Farrears
659,Niel,nloucaia@lulu.com,2016-01-04,Louca
660,Hugibert,hdorringtonib@businessinsider.com,2014-04-12,Dorrington
661,Mahmoud,mgabbyic@admin.ch,2011-11-19,Gabby
662,Barrie,brabbid@columbia.edu,2018-08-20,Rabb
663,Sianna,smineghelliie@live.com,2013-09-20,Mineghelli
664,Roze,rpenwrightif@xrea.com,2019-06-26,Penwright
665,Rolland,rtoftig@washington.edu,2011-10-18,Toft
666,Murielle,mclemesih@techcrunch.com,2014-01-05,Clemes
667,Diane-marie,dbellangerii@vk.com,2012-05-16,Bellanger
668,Susanetta,sertij@baidu.com,2017-11-12,Ert
669,Ransell,rcorbouldik@zdnet.com,2018-08-02,Corbould
670,Carl,cgerardeauxil@shutterfly.com,2016-03-13,Gerardeaux
671,Arne,aroelvinkim@imageshack.us,2017-11-03,Roelvink
672,Scottie,shalfordin@aol.com,2011-07-03,Halford
673,Dayna,dwilsteadio@cdbaby.com,2012-10-11,Wilstead
674,Dacia,drubinfeldip@geocities.jp,2011-12-06,Rubinfeld
675,Skell,sruffelliq@ycombinator.com,2011-06-18,Ruffell
676,Addie,ahaythornir@infoseek.co.jp,2014-02-16,Haythorn
677,Reagen,remsleyis@buzzfeed.com,2017-06-22,Emsley
678,Dianne,dcowillit@census.gov,2016-05-26,Cowill
679,Emory,efitzsymondsiu@npr.org,2014-09-09,Fitzsymonds
680,Cesar,ckirganiv@google.cn,2016-11-30,Kirgan
681,Reggy,rleatherborrowiw@netlog.com,2016-09-20,Leatherborrow
682,Hailee,hnewshamix@seattletimes.com,2019-02-26,Newsham
683,Alastair,aiversoniy@ustream.tv,2014-10-14,Iverson
684,Brigid,bmerwedeiz@google.fr,2018-10-24,Merwede
685,Putnam,pmuskj0@yellowbook.com,2011-06-06,Musk
686,Tyler,tcaddockj1@xrea.com,2015-05-26,Caddock
687,Olimpia,odelwaterj2@google.co.uk,2018-02-14,Delwater
688,Faustina,fwortleyj3@csmonitor.com,2013-02-06,Wortley
689,Aguie,abonnyj4@flavors.me,2015-10-19,Bonny
690,Herbert,hhackwellj5@wiley.com,2019-08-08,Hackwell
691,Bertrando,bfackneyj6@comsenz.com,2016-08-04,Fackney
692,Lazaro,labrahamovitzj7@simplemachines.org,2014-03-26,Abrahamovitz
693,Lila,lraingerj8@arstechnica.com,2013-02-09,Rainger
694,Alleen,aivashintsovj9@seesaa.net,2015-07-06,Ivashintsov
695,Lilllie,lcutbirthja@alexa.com,2015-08-01,Cutbirth
696,Jerrine,jofarrelljb@pbs.org,2011-10-20,O'Farrell
697,Stillman,sbyrdejc@zimbio.com,2019-05-19,Byrde
698,Ado,acommanderjd@rediff.com,2019-03-31,Commander
699,Vidovik,vmacmickanje@arstechnica.com,2017-03-28,MacMickan
700,Lotte,lbeavanjf@vimeo.com,2014-07-06,Beavan
701,Sisile,sbellochtjg@livejournal.com,2016-02-12,Bellocht
702,Miquela,mdumkejh@google.com.au,2019-02-10,Dumke
703,Lurleen,lstangeji@tuttocitta.it,2014-09-14,St Ange
704,Van,vearlamjj@storify.com,2013-11-24,Earlam
705,Esta,etristramjk@cargocollective.com,2014-07-10,Tristram
706,Morgana,meveringhamjl@latimes.com,2015-11-09,Everingham
707,Elyssa,eburnjm@nbcnews.com,2014-08-06,Burn
708,Hendrika,hgodarjn@samsung.com,2017-12-16,Godar
709,Christopher,cclackjo@creativecommons.org,2014-12-02,Clack
710,Tonya,tgeneverjp@slideshare.net,2016-05-11,Genever
711,Bendick,bsimanekjq@narod.ru,2012-02-25,Simanek
712,Maryjane,mrowdenjr@java.com,2015-07-25,Rowden
713,Lydie,lfranzonellojs@thetimes.co.uk,2011-10-17,Franzonello
714,Rollin,rcrusjt@csmonitor.com,2013-09-28,Crus
715,Lyndsie,lrobertetju@google.co.jp,2013-10-31,Robertet
716,Harvey,hjainejv@who.int,2017-09-05,Jaine
717,Gram,gstorrejw@state.tx.us,2016-11-01,Storre
718,Vera,vbanaszkiewiczjx@hubpages.com,2011-01-04,Banaszkiewicz
719,Quent,qcusiterjy@webeden.co.uk,2018-07-28,Cusiter
720,Neal,ndamettijz@whitehouse.gov,2016-09-14,Dametti
721,Andrea,agerrellk0@dion.ne.jp,2019-08-21,Gerrell
722,Kaylil,kmaffik1@zdnet.com,2013-10-14,Maffi
723,Shermie,sshallcroffk2@unicef.org,2011-07-08,Shallcroff
724,Carroll,csturgessk3@newsvine.com,2017-04-06,Sturgess
725,Eugenio,edegoek4@va.gov,2014-03-08,Degoe
726,Erma,etewnionk5@rakuten.co.jp,2016-04-09,Tewnion
727,Woodrow,wchicchellik6@unblog.fr,2017-12-07,Chicchelli
728,Joana,jellingtonk7@blogger.com,2013-04-25,Ellington
729,Jory,jcheyneyk8@sourceforge.net,2016-09-05,Cheyney
730,Spence,smapowderk9@tiny.cc,2012-10-05,Mapowder
731,Cherice,cgooddingka@washington.edu,2011-12-18,Goodding
732,Godwin,givanovickb@com.com,2019-09-10,Ivanovic
733,Xenia,xcudiffkc@parallels.com,2017-11-29,Cudiff
734,Denney,djocklekd@bloomberg.com,2015-04-09,Jockle
735,Eirena,echarlewoodke@imgur.com,2018-12-15,Charlewood
736,Irina,ilistonkf@naver.com,2016-12-30,Liston
737,Gusta,gvitallkg@whitehouse.gov,2018-09-16,Vitall
738,Bette-ann,bthurmankh@walmart.com,2014-11-29,Thurman
739,Mildred,mjoselevitzki@mapy.cz,2019-09-08,Joselevitz
740,Beth,bmacilriachkj@tumblr.com,2019-09-24,MacIlriach
741,Ginelle,gbrokenshawkk@latimes.com,2012-11-09,Brokenshaw
742,Louis,lpalmarkl@newsvine.com,2012-03-03,Palmar
743,Hope,hwhitmarshkm@latimes.com,2017-05-11,Whitmarsh
744,Carilyn,cwreffordkn@hugedomains.com,2018-12-08,Wrefford
745,Sadella,svanesko@forbes.com,2015-05-07,Vanes
746,Purcell,paskerkp@blogs.com,2013-11-25,Asker
747,Raf,ryitzovitzkq@amazon.com,2011-02-15,Yitzovitz
748,Luciano,lrappkr@goo.ne.jp,2014-07-03,Rapp
749,Betty,bheinssenks@senate.gov,2017-11-01,Heinssen
750,Rand,rhebblewhitekt@mlb.com,2018-09-27,Hebblewhite
751,Rosaline,rjirikku@wikispaces.com,2012-05-20,Jirik
752,Ciro,cabdeykv@jigsy.com,2016-07-08,Abdey
753,Bobbi,bknudsenkw@state.tx.us,2015-10-23,Knudsen
754,Lanie,lbehninckkx@sbwire.com,2011-09-23,Behninck
755,Lorianne,lhabberghamky@mtv.com,2012-12-14,Habbergham
756,Winnifred,wleppingwellkz@bloomberg.com,2014-07-22,Leppingwell
757,Nataline,nmckiel0@rakuten.co.jp,2013-03-29,McKie
758,Roy,rwalklettl1@prweb.com,2015-01-26,Walklett
759,Ailyn,astitsonl2@hhs.gov,2016-01-12,Stitson
760,Bonita,btattersfieldl3@elpais.com,2011-03-12,Tattersfield
761,Odella,ocasettil4@taobao.com,2013-12-05,Casetti
762,Meryl,mbartolomeonil5@wikispaces.com,2016-04-29,Bartolomeoni
763,Harrie,hsabeyl6@bravesites.com,2015-08-20,Sabey
764,Rakel,rcarltonl7@buzzfeed.com,2019-08-08,Carlton
765,Editha,eflearl8@spotify.com,2015-10-16,Flear
766,Bibbie,biliffl9@nps.gov,2015-09-25,Iliff
767,Ronna,rrittmeyerla@umich.edu,2011-08-12,Rittmeyer
768,Janith,jmakinlb@irs.gov,2015-06-10,Makin
769,Correy,cvalerolc@alibaba.com,2011-05-14,Valero
770,Romola,rcatterellld@biglobe.ne.jp,2015-09-03,Catterell
771,Annis,adibble@angelfire.com,2018-08-16,Dibb
772,Heddi,harnoldilf@sun.com,2018-10-22,Arnoldi
773,Craggie,cbestelg@vimeo.com,2018-07-07,Beste
774,Ellis,eraisonlh@princeton.edu,2016-02-06,Raison
775,Hank,hponcetli@sogou.com,2012-07-15,Poncet
776,Robinia,rdunslj@typepad.com,2016-04-16,Duns
777,Vale,vlambertolk@51.la,2018-04-29,Lamberto
778,Elie,efansyll@gizmodo.com,2013-04-09,Fansy
779,Sam,spockeylm@geocities.jp,2018-11-19,Pockey
780,Brooks,bdowleln@economist.com,2019-01-02,Dowle
781,Nerty,nseywoodlo@deliciousdays.com,2013-04-07,Seywood
782,Daniela,dbalhamlp@seesaa.net,2011-05-06,Balham
783,Hastings,hjanwaylq@alibaba.com,2018-06-14,Janway
784,Cherilynn,citzcaklr@hud.gov,2019-08-10,Itzcak
785,Carl,cmugglestonels@wired.com,2017-06-26,Mugglestone
786,Karlyn,kodonoghuelt@mac.com,2017-07-24,O'Donoghue
787,Justina,jseywoodlu@livejournal.com,2019-06-01,Seywood
788,Tab,tblaiselv@360.cn,2011-02-20,Blaise
789,Lisbeth,ljacsonlw@angelfire.com,2015-07-03,Jacson
790,Cort,cgarthlandlx@t-online.de,2014-07-06,Garthland
791,Jedediah,jarnelyly@goodreads.com,2015-12-26,Arnely
792,Horacio,hbaertlz@scribd.com,2018-08-19,Baert
793,Stephanus,shurtadom0@hp.com,2012-03-30,Hurtado
794,Lorilee,ldymickm1@cocolog-nifty.com,2011-12-09,Dymick
795,Garland,ghampshirem2@alibaba.com,2015-04-21,Hampshire
796,Andriette,adebruijnm3@goodreads.com,2015-03-24,De Bruijn
797,Ab,akeirm4@canalblog.com,2011-12-29,Keir
798,Ardenia,alambardm5@t-online.de,2018-11-29,Lambard
799,Elianora,egislebertm6@unesco.org,2017-02-13,Gislebert
800,Lonnie,lkeddlem7@wufoo.com,2010-12-11,Keddle
801,Rolph,rfrankcombm8@cam.ac.uk,2016-05-23,Frankcomb
802,Cally,csharperm9@dedecms.com,2011-06-30,Sharper
803,Kelly,kcapounma@netlog.com,2018-03-10,Capoun
804,Jesse,jkirklandmb@princeton.edu,2011-12-21,Kirkland
805,Iseabal,ialennikovmc@salon.com,2011-11-11,Alennikov
806,Caitlin,cnervalmd@usnews.com,2011-09-24,Nerval
807,Agna,adantonme@uol.com.br,2018-12-17,Danton
808,Yancey,ybourthoumieuxmf@cnbc.com,2017-01-16,Bourthoumieux
809,Kasey,ksambathmg@oaic.gov.au,2017-01-19,Sambath
810,Shani,sklaggesmh@wordpress.org,2014-01-12,Klagges
811,Gweneth,graffmi@studiopress.com,2014-06-15,Raff
812,Frazer,fobrallaghanmj@wordpress.com,2017-05-30,O'Brallaghan
813,Karissa,kfosbraeymk@php.net,2017-04-15,Fosbraey
814,Arlie,agolleyml@hugedomains.com,2017-08-29,Golley
815,Morley,mgolagleymm@yale.edu,2015-06-17,Golagley
816,Lonnard,lmacvaymn@merriam-webster.com,2011-05-15,MacVay
817,Zandra,zingallmo@sogou.com,2013-05-25,Ingall
818,Reta,rstapleymp@latimes.com,2014-04-16,Stapley
819,Floyd,fmccrachenmq@cbsnews.com,2015-10-14,McCrachen
820,Van,vboasemr@uiuc.edu,2016-10-31,Boase
821,Gale,gfortonms@live.com,2011-10-02,Forton
822,Tracey,tkimblinmt@chron.com,2012-03-12,Kimblin
823,Claire,ccharlestonmu@google.nl,2015-11-10,Charleston
824,Vinni,vbeallmv@vinaora.com,2011-03-22,Beall
825,Leslie,lwandtkemw@loc.gov,2019-10-12,Wandtke
826,Dale,dbyhammx@cnn.com,2012-08-30,Byham
827,Claiborne,cbleasdillemy@economist.com,2013-03-15,Bleasdille
828,Frederic,fteersmz@addthis.com,2014-04-16,Teers
829,Kimberly,klechellen0@ameblo.jp,2018-07-13,Lechelle
830,Shaun,sgarhamn1@jalbum.net,2018-06-04,Garham
831,Nola,nanespien2@google.com.hk,2014-12-06,Anespie
832,Faulkner,fbabinskin3@nytimes.com,2013-10-02,Babinski
833,Stevena,sstreetonn4@joomla.org,2015-06-09,Streeton
834,Matty,mdevereun5@google.ca,2017-11-20,Devereu
835,Kaiser,kemign6@nationalgeographic.com,2014-12-03,Emig
836,Julienne,jsmithersn7@psu.edu,2015-02-24,Smithers
837,Federica,fgremanen8@cisco.com,2016-07-31,Gremane
838,Phillipe,pkilbeyn9@wisc.edu,2012-08-31,Kilbey
839,Hedda,hleyesna@gmpg.org,2017-11-19,Leyes
840,Katrinka,kjoynesnb@drupal.org,2015-06-09,Joynes
841,Lindsey,lnanellinc@joomla.org,2017-03-20,Nanelli
842,Jilly,jleavoldnd@google.es,2019-01-22,Leavold
843,Angelika,atidmarshne@google.pl,2018-04-24,Tidmarsh
844,Avrom,awadwellnf@berkeley.edu,2018-04-17,Wadwell
845,Harp,hlamperting@mozilla.com,2012-04-08,Lamperti
846,Leigh,lmoncktonnh@i2i.jp,2017-11-04,Monckton
847,Terence,tawdeni@wordpress.com,2019-04-10,Awde
848,Kara-lynn,kchartresnj@comcast.net,2010-12-13,Chartres
849,Nadya,nholdnk@marriott.com,2017-04-26,Hold
850,Tibold,thansemannnl@answers.com,2017-05-13,Hansemann
851,Adriaens,athorogoodnm@hatena.ne.jp,2017-04-26,Thorogood
852,Clarice,cantuknn@smh.com.au,2015-12-26,Antuk
853,Solly,sbarnardno@studiopress.com,2013-01-23,Barnard
854,Andria,alonginanp@ed.gov,2012-06-19,Longina
855,Rona,roakeshottnq@elegantthemes.com,2014-03-19,Oakeshott
856,Marrissa,mdurtnalnr@netscape.com,2019-06-14,Durtnal
857,Ashil,aswansboroughns@artisteer.com,2016-12-13,Swansborough
858,Alla,amilsonnt@soup.io,2013-01-28,Milson
859,Zonda,zhorsefieldnu@163.com,2017-02-16,Horsefield
860,Astrid,aelsworthnv@mapquest.com,2011-05-19,Elsworth
861,Carmelita,cdebiasinw@shareasale.com,2014-01-11,De Biasi
862,Florian,fpittsonnx@qq.com,2018-06-11,Pittson
863,Brennen,bbrimmicombeny@google.cn,2018-08-18,Brimmicombe
864,Gianina,gjouhningnz@nymag.com,2012-08-11,Jouhning
865,Amata,amatussovo0@reference.com,2018-06-12,Matussov
866,Consalve,cnapolitanoo1@google.ca,2018-07-14,Napolitano
867,Nefen,nkitteringhamo2@yellowbook.com,2017-04-23,Kitteringham
868,Gerard,gdeancywilliso3@shop-pro.jp,2011-04-10,de'-Ancy Willis
869,Babette,bellistono4@scribd.com,2016-01-02,Elliston
870,Josie,jdanshino5@posterous.com,2015-10-02,Danshin
871,Lauren,lmullineuxo6@surveymonkey.com,2017-01-25,Mullineux
872,Marnie,mbewlayo7@360.cn,2017-05-11,Bewlay
873,Hymie,hbillhamo8@msu.edu,2019-06-18,Billham
874,Camella,cbloggetto9@google.fr,2016-12-12,Bloggett
875,Cyrill,clunckoa@pen.io,2013-12-22,Lunck
876,Scot,snowlandob@google.com,2011-04-26,Nowland
877,Caleb,cbarkshireoc@pbs.org,2011-01-08,Barkshire
878,Ken,kpreatorod@mail.ru,2011-03-23,Preator
879,Frasquito,fpaolinellioe@google.com.hk,2015-02-04,Paolinelli
880,Baillie,bmasoof@homestead.com,2014-10-25,Maso
881,Tonya,tlunoog@earthlink.net,2019-09-23,Luno
882,Pammi,ptrueoh@ibm.com,2012-10-07,True
883,Laurice,lgemnettoi@stumbleupon.com,2016-08-02,Gemnett
884,Jayne,jskyrmoj@youku.com,2013-10-04,Skyrm
885,Derrik,dnussgenok@umich.edu,2012-02-29,Nussgen
886,Link,lpearlmanol@comsenz.com,2016-05-02,Pearlman
887,Sylvester,smuscroftom@twitpic.com,2019-10-15,Muscroft
888,Vladamir,vpadwickon@dailymail.co.uk,2013-09-24,Padwick
889,Sybila,sjohloo@weibo.com,2012-02-13,Johl
890,Carver,cbarthelop@wikispaces.com,2015-04-04,Barthel
891,Helga,hgrimshawoq@nba.com,2015-05-15,Grimshaw
892,Daisy,dmcmyloror@a8.net,2018-12-01,McMylor
893,Dermot,delseos@mtv.com,2019-11-01,Else
894,Lurlene,lsanbrokeot@gov.uk,2019-10-30,Sanbroke
895,Ethelda,ebrabynou@economist.com,2014-12-06,Brabyn
896,Gay,grandalov@histats.com,2014-01-30,Randal
897,Emmerich,ehacksbyow@blinklist.com,2015-04-14,Hacksby
898,Joyan,jjacopox@imgur.com,2015-12-29,Jacop
899,Eberto,eshipstonoy@istockphoto.com,2019-02-19,Shipston
900,Casie,cpoluzzioz@weibo.com,2011-12-31,Poluzzi
901,Sascha,sgilhoolyp0@salon.com,2011-05-23,Gilhooly
902,Almeta,araimentp1@zdnet.com,2011-08-18,Raiment
903,Pryce,pweymanp2@dedecms.com,2018-09-23,Weyman
904,Jeannie,jnusseyp3@51.la,2015-03-20,Nussey
905,Marielle,mfaulkenerp4@desdev.cn,2015-11-08,Faulkener
906,Bibbye,bwinkp5@sourceforge.net,2018-02-07,Wink
907,Austin,aferrisp6@wiley.com,2012-02-07,Ferris
908,Jamey,jandrewp7@telegraph.co.uk,2016-09-23,Andrew
909,Keefe,kmerrimentp8@webs.com,2015-07-16,Merriment
910,Bebe,bhalwellp9@imdb.com,2018-03-10,Halwell
911,Bud,btoulminpa@multiply.com,2012-06-12,Toulmin
912,Darrin,dsprattpb@booking.com,2017-01-03,Spratt
913,Lolly,lwindybankpc@gnu.org,2014-08-29,Windybank
914,Rees,rmoncurpd@washington.edu,2014-03-31,Moncur
915,Keven,kmathivonpe@nifty.com,2014-08-31,Mathivon
916,Buck,bmundypf@amazon.com,2016-05-23,Mundy
917,Vanya,vmcilheranpg@walmart.com,2012-02-27,McIlheran
918,Rasia,rgeffenph@rediff.com,2011-01-18,Geffen
919,Erinna,efassmanpi@simplemachines.org,2012-04-22,Fassman
920,Raddie,rcanferpj@omniture.com,2016-06-28,Canfer
921,Caz,clabbezpk@soundcloud.com,2014-05-22,Labbez
922,Chloe,cstaresmearepl@ucla.edu,2017-01-09,Staresmeare
923,Thorin,tojedapm@webmd.com,2016-08-26,Ojeda
924,Lura,lcroasdalepn@addtoany.com,2012-03-11,Croasdale
925,Natividad,npidcockpo@sciencedaily.com,2013-08-31,Pidcock
926,Abie,apawlynpp@oakley.com,2013-04-06,Pawlyn
927,Cyndie,cwelchpq@freewebs.com,2011-01-22,Welch
928,Murdoch,mcrossgrovepr@apache.org,2014-04-05,Crossgrove
929,Olivie,omarpleps@msu.edu,2011-05-31,Marple
930,Starla,svolantept@forbes.com,2016-04-24,Volante
931,Jennie,jjosiahpu@intel.com,2011-10-01,Josiah
932,Nora,narriguccipv@time.com,2019-08-12,Arrigucci
933,Sonny,sdiglepw@vinaora.com,2011-07-19,Digle
934,Stephanie,swestnedgepx@cbsnews.com,2014-07-28,Westnedge
935,Madlen,mtroyespy@businessweek.com,2015-12-11,Troyes
936,Agosto,anorthedgepz@wix.com,2016-02-05,Northedge
937,Lily,llanteq0@time.com,2017-09-14,Lante
938,Killie,kvauseq1@buzzfeed.com,2015-04-16,Vause
939,Maxy,mdymidowskiq2@ezinearticles.com,2019-04-26,Dymidowski
940,Kean,kpetrescuq3@mysql.com,2016-05-30,Petrescu
941,Kerianne,kflancinbaumq4@domainmarket.com,2019-06-29,Flancinbaum
942,Hamil,hmuxworthyq5@spiegel.de,2011-04-28,Muxworthy
943,Jermayne,jkinchingtonq6@un.org,2017-05-20,Kinchington
944,Barthel,bmonaghanq7@independent.co.uk,2013-04-27,Monaghan
945,Aksel,adagnallq8@google.co.jp,2014-06-11,Dagnall
946,Dru,dcalamq9@imgur.com,2014-04-16,Calam
947,Vanya,vlightwingqa@geocities.com,2019-06-07,Lightwing
948,Adolph,amorkhamqb@google.com.br,2016-05-02,Morkham
949,Michail,mperelloqc@soup.io,2017-07-01,Perello
950,Winn,wmoggachqd@ebay.com,2013-11-23,Moggach
951,Mareah,mmountlowqe@discuz.net,2015-08-08,Mountlow
952,Vladamir,vdeverallqf@msu.edu,2011-01-28,Deverall
953,Lorita,lelacoateqg@zdnet.com,2015-11-15,Elacoate
954,Reid,rmedlinqh@mayoclinic.com,2017-05-16,Medlin
955,Dayle,dlarrowayqi@spotify.com,2012-11-04,Larroway
956,Rica,rfaircleyqj@aboutads.info,2018-02-07,Faircley
957,Corri,cbeavorsqk@buzzfeed.com,2017-11-13,Beavors
958,Payton,pfrankelql@drupal.org,2012-09-18,Frankel
959,Cletus,clawsqm@delicious.com,2018-02-01,Laws
960,Siobhan,skirkqn@google.ru,2015-08-22,Kirk
961,Binni,bgodainqo@xrea.com,2019-04-26,Godain
962,Noni,ngimertqp@4shared.com,2014-02-06,Gimert
963,Egor,eriddichqq@php.net,2014-12-29,Riddich
964,Selle,ssearlqr@printfriendly.com,2015-01-05,Searl
965,De witt,dmakeyqs@opera.com,2014-04-23,Makey
966,Keeley,kturbanqt@msn.com,2016-02-26,Turban
967,Zechariah,zdurransqu@surveymonkey.com,2013-06-14,Durrans
968,Sauncho,scoplestoneqv@rediff.com,2016-05-25,Coplestone
969,Townsend,tsanperqw@economist.com,2019-07-22,Sanper
970,Skippy,sbensonqx@drupal.org,2014-03-01,Benson
971,Blaine,bmakinsonqy@cbsnews.com,2013-01-10,Makinson
972,Lynn,lrennoxqz@upenn.edu,2017-01-11,Rennox
973,Maxy,myurovr0@cnn.com,2016-08-03,Yurov
974,Corrine,cfolbiger1@spotify.com,2013-10-27,Folbige
975,Mathilde,mtolhurstr2@imageshack.us,2013-12-30,Tolhurst
976,Merline,mbrettelr3@disqus.com,2016-12-30,Brettel
977,Carolyne,cmenhamr4@ebay.co.uk,2014-07-15,Menham
978,Lindon,llongshawr5@epa.gov,2017-10-19,Longshaw
979,Bernelle,bstarier6@theatlantic.com,2013-12-22,Starie
980,Lida,lvalentinor7@51.la,2011-01-23,Valentino
981,Rozelle,rlaundonr8@scribd.com,2017-07-30,Laundon
982,Wilma,wrounsefellr9@springer.com,2017-04-25,Rounsefell
983,Gallard,glawteyra@spotify.com,2018-12-14,Lawtey
984,Goddard,gfreezorrb@google.pl,2014-02-10,Freezor
985,Hercules,hdeelyrc@amazon.co.uk,2015-06-08,Deely
986,Felipe,fhuddartrd@slate.com,2017-09-01,Huddart
987,Cordy,candertonre@g.co,2018-10-13,Anderton
988,Tuck,tosbanrf@cmu.edu,2016-09-25,Osban
989,Grange,gdreesrg@shutterfly.com,2016-07-26,Drees
990,Fredek,fainleyrh@ning.com,2018-10-17,Ainley
991,Jone,jgumleyri@xinhuanet.com,2017-04-07,Gumley
992,Tilda,tvassanorj@digg.com,2012-01-07,Vassano
993,Helaine,hclendinningrk@tiny.cc,2013-06-02,Clendinning
994,Isis,iyouhillrl@webeden.co.uk,2016-08-31,Youhill
995,Manon,mtrunksrm@wikipedia.org,2016-10-18,Trunks
996,Marthena,mchurchillrn@mashable.com,2013-10-04,Churchill
997,Cathlene,cgiabuzziro@opera.com,2016-05-29,Giabuzzi
998,Bruis,brantoulrp@vinaora.com,2015-10-25,Rantoul
999,Hobie,hmacgettigenrq@slideshare.net,2011-11-30,MacGettigen
1000,Heather,hgatherrr@bloomberg.com,2012-12-20,Gather